address_street,address_zip,address_city,picture_link
Friedrichstrasse 76,10117,Berlin,https://images.unsplash.com/photo-1564069114553-7215e1ff1890?ixlib=rb-1.2.1&ixid=eyJhcHBfaWQiOjEyMDd9&auto=format&fit=crop&w=889&q=80
Neue Schoenhauserstraße 3,10178,Berlin,https://images.unsplash.com/photo-1525896544042-354764aa27e6?ixlib=rb-1.2.1&ixid=eyJhcHBfaWQiOjEyMDd9&auto=format&fit=crop&w=334&q=80
Kurfuerstendamm 11,10719,Berlin,https://images.unsplash.com/photo-1571624436279-b272aff752b5?ixlib=rb-1.2.1&ixid=eyJhcHBfaWQiOjEyMDd9&auto=format&fit=crop&w=752&q=80
Neue Rothofstrasse 13,60313,Frankfurt am Main,https://images.unsplash.com/photo-1596079890701-dd42edf0b7d4?ixlib=rb-1.2.1&ixid=eyJhcHBfaWQiOjEyMDd9&auto=format&fit=crop&w=750&q=80
Taunusanlage 8,60329,Frankfurt am Main,https://images.unsplash.com/photo-1497215728101-856f4ea42174?ixlib=rb-1.2.1&ixid=eyJhcHBfaWQiOjEyMDd9&auto=format&fit=crop&w=1050&q=80
Axel-Springer-Platz 3,20355,Hamburg,https://images.unsplash.com/photo-1497215842964-222b430dc094?ixlib=rb-1.2.1&ixid=eyJhcHBfaWQiOjEyMDd9&auto=format&fit=crop&w=1050&q=80
Gaensemarkt 43,20354,Hamburg,https://images.unsplash.com/photo-1524758631624-e2822e304c36?ixlib=rb-1.2.1&ixid=eyJhcHBfaWQiOjEyMDd9&auto=format&fit=crop&w=1050&q=80
Oskar-von-Miller-Ring 20,80333,Muenchen,https://images.unsplash.com/photo-1497366412874-3415097a27e7?ixlib=rb-1.2.1&ixid=eyJhcHBfaWQiOjEyMDd9&auto=format&fit=crop&w=1050&q=80
Neuturmstraße 5,80331,Muenchen,https://images.unsplash.com/photo-1504384308090-c894fdcc538d?ixlib=rb-1.2.1&ixid=eyJhcHBfaWQiOjEyMDd9&auto=format&fit=crop&w=1050&q=80
Friesenplatz 4,50672,Koeln,https://images.unsplash.com/photo-1505409859467-3a796fd5798e?ixlib=rb-1.2.1&ixid=eyJhcHBfaWQiOjEyMDd9&auto=format&fit=crop&w=1050&q=80
Bahnhofstrasse 8,30159,Hannover,https://images.unsplash.com/photo-1498409785966-ab341407de6e?ixlib=rb-1.2.1&ixid=eyJhcHBfaWQiOjEyMDd9&auto=format&fit=crop&w=1060&q=80
Koenigsallee 92,40212,Duesseldorf,https://images.unsplash.com/photo-1542089363-bba089ffaa25?ixlib=rb-1.2.1&ixid=eyJhcHBfaWQiOjEyMDd9&auto=format&fit=crop&w=1050&q=80
Sebastianstrasse 38,53115,Bonn,https://images.unsplash.com/photo-1498409570040-05bf6d3dd5b5?ixlib=rb-1.2.1&ixid=eyJhcHBfaWQiOjEyMDd9&auto=format&fit=crop&w=634&q=80
Tuebinger Strasse 26,70178,Stuttgart,https://images.unsplash.com/photo-1525475711852-ed23365b4d11?ixlib=rb-1.2.1&ixid=eyJhcHBfaWQiOjEyMDd9&auto=format&fit=crop&w=1050&q=80
33 Rue la Fayette,75009,Paris,https://images.unsplash.com/photo-1503418895522-46f9804cda40?ixlib=rb-1.2.1&auto=format&fit=crop&w=1050&q=80
Via San Marco 21,20121,Mailand,https://images.unsplash.com/photo-1560821630-1a7c45c3286e?ixlib=rb-1.2.1&ixid=eyJhcHBfaWQiOjEyMDd9&auto=format&fit=crop&w=1050&q=80
Rue du Commerce 31,1000,Bruessel,https://images.unsplash.com/photo-1531668720450-39cf1563fab9?ixlib=rb-1.2.1&ixid=eyJhcHBfaWQiOjEyMDd9&auto=format&fit=crop&w=926&q=80
Berliner Allee 59,40212,Duesseldorf,https://images.unsplash.com/photo-1526887593587-a307ea5d46b4?ixlib=rb-1.2.1&ixid=eyJhcHBfaWQiOjEyMDd9&auto=format&fit=crop&w=634&q=80
Stadttor 1,40219,Duesseldorf,https://images.unsplash.com/photo-1510074468346-504b4d8a8630?ixlib=rb-1.2.1&ixid=eyJhcHBfaWQiOjEyMDd9&auto=format&fit=crop&w=643&q=80
Oststrasse 10,40211,Duesseldorf,https://images.unsplash.com/photo-1461704946971-9e5d8b7938f0?ixlib=rb-1.2.1&ixid=eyJhcHBfaWQiOjEyMDd9&auto=format&fit=crop&w=1052&q=80
19 Rue de l'Aqueduc,75010,Paris,https://images.unsplash.com/photo-1455994972514-4624f7f224a7?ixlib=rb-1.2.1&ixid=eyJhcHBfaWQiOjEyMDd9&auto=format&fit=crop&w=967&q=80
45 rue Raymond Poincare,54000 ,Nancy,https://images.unsplash.com/photo-1461963140811-2eb5cf0d3d64?ixlib=rb-1.2.1&ixid=eyJhcHBfaWQiOjEyMDd9&auto=format&fit=crop&w=1052&q=80
43 Avenue du Marechal Juin,51100,Reims,https://images.unsplash.com/photo-1522684894605-cdcdf44be259?ixlib=rb-1.2.1&ixid=eyJhcHBfaWQiOjEyMDd9&auto=format&fit=crop&w=634&q=80
36 Rue du Ctre,69700,Loire-sur-Rhône,https://images.unsplash.com/photo-1489396944453-834c536105c0?ixlib=rb-1.2.1&ixid=eyJhcHBfaWQiOjEyMDd9&auto=format&fit=crop&w=1050&q=80
Rue de Liege 455,4557 ,Tinlot,https://images.unsplash.com/photo-1531246939076-ffdd8e9ea293?ixlib=rb-1.2.1&ixid=eyJhcHBfaWQiOjEyMDd9&auto=format&fit=crop&w=967&q=80
Kantstrasse 34,51103,Cologne,https://images.unsplash.com/photo-1507904953637-96429a46671a?ixlib=rb-1.2.1&ixid=eyJhcHBfaWQiOjEyMDd9&auto=format&fit=crop&w=400&q=80
Messedamm 35,14055,Berlin,https://images.unsplash.com/photo-1557804500-7a58fbcd4d1a?ixlib=rb-1.2.1&ixid=eyJhcHBfaWQiOjEyMDd9&auto=format&fit=crop&w=967&q=80
Genter Strasse 58,80805,Munich,https://images.unsplash.com/photo-1474257088228-ebfb9b5f0b25?ixlib=rb-1.2.1&ixid=eyJhcHBfaWQiOjEyMDd9&auto=format&fit=crop&w=1189&q=80
Fugger Strasse 18,86150,Augsburg,https://images.unsplash.com/photo-1590097521089-2e99e704d995?ixlib=rb-1.2.1&ixid=eyJhcHBfaWQiOjEyMDd9&auto=format&fit=crop&w=1050&q=80
Gotthardstrasse 88,80689,Munich,https://images.unsplash.com/photo-1601762429744-46fe92ccd903?ixlib=rb-1.2.1&ixid=eyJhcHBfaWQiOjEyMDd9&auto=format&fit=crop&w=634&q=80
Prenzlauer Allee 20,17268,Templin,https://images.unsplash.com/flagged/photo-1576485424072-e585a98df56e?ixlib=rb-1.2.1&ixid=eyJhcHBfaWQiOjEyMDd9&auto=format&fit=crop&w=1051&q=80
Suiestraat 96,3028 JB,Rotterdam,https://images.unsplash.com/photo-1574294606536-39c40360078a?ixlib=rb-1.2.1&ixid=eyJhcHBfaWQiOjEyMDd9&auto=format&fit=crop&w=675&q=80
Boschdijk 339,5621 AE,Eindhoven,https://images.unsplash.com/photo-1562664369-49d50bb66658?ixlib=rb-1.2.1&ixid=eyJhcHBfaWQiOjEyMDd9&auto=format&fit=crop&w=634&q=80
Korianderstraat 1,5643 AM,Eindhoven,https://images.unsplash.com/photo-1595846936289-91371459c5bd?ixlib=rb-1.2.1&auto=format&fit=crop&w=1050&q=80
Via San Cosmo fuori Porta Nolana 55,80142,Napoli,https://images.unsplash.com/photo-1481413680190-47829b910b92?ixlib=rb-1.2.1&ixid=eyJhcHBfaWQiOjEyMDd9&auto=format&fit=crop&w=1050&q=80
Piazza Garibaldi 28,80142,Napoli,https://images.unsplash.com/photo-1602506860736-c4511f592bed?ixlib=rb-1.2.1&ixid=eyJhcHBfaWQiOjEyMDd9&auto=format&fit=crop&w=634&q=80
Obere Haltenstrasse 66,3625,Heiligenschwendi,https://images.unsplash.com/photo-1596022326963-e4883a4a7727?ixlib=rb-1.2.1&ixid=eyJhcHBfaWQiOjEyMDd9&auto=format&fit=crop&w=660&q=80
Breitenstrasse 62,8832,Freienbach,https://images.unsplash.com/photo-1602506860730-b690f1a6f662?ixlib=rb-1.2.1&auto=format&fit=crop&w=1050&q=80
Langwiesstrasse 21,8050,Zuerich ,https://images.unsplash.com/photo-1595846265893-f433f6cca81d?ixlib=rb-1.2.1&auto=format&fit=crop&w=1050&q=80
Schoenefelder Strasse 7,04129,Leipzig,https://images.unsplash.com/photo-1584193651464-d349d4a6b954?ixlib=rb-1.2.1&ixid=eyJhcHBfaWQiOjEyMDd9&auto=format&fit=crop&w=634&q=80
Zschortauer Strasse 57,04129,Leipig,https://images.unsplash.com/photo-1595846519845-68e298c2edd8?ixlib=rb-1.2.1&auto=format&fit=crop&w=1050&q=80
2 Rue Rodier,75009,Paris,https://images.unsplash.com/photo-1590693058087-0aef5a71ed67?ixlib=rb-1.2.1&ixid=eyJhcHBfaWQiOjEyMDd9&auto=format&fit=crop&w=967&q=80
21 Rue d'Enghien,75010,Paris,https://images.unsplash.com/photo-1494528164400-6c16dcb359f8?ixlib=rb-1.2.1&auto=format&fit=crop&w=1050&q=80
Braeuhausstraße 6,80331,Munich,https://images.unsplash.com/photo-1605797062400-5514c1d44faa?ixlib=rb-1.2.1&ixid=eyJhcHBfaWQiOjEyMDd9&auto=format&fit=crop&w=675&q=80
Prinzregentenstrasse 5,80538,Munich,https://images.unsplash.com/photo-1532529867795-3c83442c1e5c?ixlib=rb-1.2.1&auto=format&fit=crop&w=634&q=80
Franz-Joseph-Strasse 38,80801,Munich,https://images.unsplash.com/photo-1510074377623-8cf13fb86c08?ixlib=rb-1.2.1&auto=format&fit=crop&w=1052&q=80
Onkelboerensteeg 51,1011 HH,Amsterdam,https://images.unsplash.com/photo-1461782296610-c552d61b149a?ixlib=rb-1.2.1&auto=format&fit=crop&w=1100&q=80
Statenjachtstraat 347,1034 GA,Amsterdam,https://images.unsplash.com/photo-1495576775051-8af0d10f19b1?ixlib=rb-1.2.1&ixid=eyJhcHBfaWQiOjEyMDd9&auto=format&fit=crop&w=617&q=80
Sumatrastraat 199,1094 NA,Amsterdam,https://images.unsplash.com/photo-1516062423079-7ca13cdc7f5a?ixlib=rb-1.2.1&auto=format&fit=crop&w=1061&q=80